{"Trial-ID": 2, "Iteration": 1.0, "gamma": 0.18572298418774705, "lr": 0.00031633897571227697, "momentum": 0.3200412859942594, "step_size": 2.0, "weight_decay": 0.014100877078769468, "Objective": 0.42846822450237887}