{"best_value": 0.14304456263780593, "gamma": 0.036736715178876236, "lr": 0.012729690313713416, "momentum": 0.26078500155323703, "step_size": 4, "weight_decay": 0.010953728630184715}