{
    "best_value": 0.5994721546769142,
    "gamma": 0.22991684840056392,
    "lr": 0.004542282373521734,
    "momentum": 0.15865578116277368,
    "step_size": 5,
    "weight_decay": 0.0002979956658867173
}